<application>
  <component name="ProjectJdkTable">
    <jdk version="2">
      <name value="Python 2.7 (pythonProject)" />
      <type value="Python SDK" />
      <version value="Python 2.7.8" />
      <homePath value="C:\Python27\ArcGIS10.3\python.exe" />
      <roots>
        <classPath>
          <root type="composite">
            <root url="file://C:/Python27/ArcGIS10.3/DLLs" type="simple" />
            <root url="file://C:/Python27/ArcGIS10.3/Lib" type="simple" />
            <root url="file://C:/Python27/ArcGIS10.3/Lib/lib-tk" type="simple" />
            <root url="file://C:/Python27/ArcGIS10.3" type="simple" />
            <root url="file://$USER_HOME$/AppData/Roaming/Python/Python27/site-packages" type="simple" />
            <root url="file://C:/Python27/ArcGIS10.3/Lib/site-packages" type="simple" />
            <root url="file://C:/Program Files (x86)/ArcGIS/Desktop10.3/bin" type="simple" />
            <root url="file://C:/Program Files (x86)/ArcGIS/Desktop10.3/arcpy" type="simple" />
            <root url="file://C:/Program Files (x86)/ArcGIS/Desktop10.3/ArcToolbox/Scripts" type="simple" />
            <root url="file://C:/Python27/ArcGIS10.3/Lib/site-packages/win32" type="simple" />
            <root url="file://C:/Python27/ArcGIS10.3/Lib/site-packages/win32/lib" type="simple" />
            <root url="file://C:/Python27/ArcGIS10.3/Lib/site-packages/pythonwin" type="simple" />
            <root url="file://$USER_HOME$/AppData/Local/JetBrains/PyCharm2020.3/python_stubs/1377167382" type="simple" />
            <root url="file://$APPLICATION_HOME_DIR$/plugins/python/helpers/python-skeletons" type="simple" />
            <root url="file://$APPLICATION_HOME_DIR$/plugins/python/helpers/typeshed/stdlib/2" type="simple" />
            <root url="file://$APPLICATION_HOME_DIR$/plugins/python/helpers/typeshed/stdlib/2and3" type="simple" />
            <root url="file://$APPLICATION_HOME_DIR$/plugins/python/helpers/typeshed/third_party/2" type="simple" />
            <root url="file://$APPLICATION_HOME_DIR$/plugins/python/helpers/typeshed/third_party/2and3" type="simple" />
          </root>
        </classPath>
        <sourcePath>
          <root type="composite" />
        </sourcePath>
      </roots>
      <additional ASSOCIATED_PROJECT_PATH="$USER_HOME$/PycharmProjects/pythonProject" />
    </jdk>
    <jdk version="2">
      <name value="Python 3.6 (scrapy)" />
      <type value="Python SDK" />
      <version value="Python 3.6.5" />
      <homePath value="C:\Users\lijiao\Anaconda3\envs\scrapy\python.exe" />
      <roots>
        <classPath>
          <root type="composite">
            <root url="file://$USER_HOME$/Anaconda3/envs/scrapy/DLLs" type="simple" />
            <root url="file://$USER_HOME$/Anaconda3/envs/scrapy/Lib" type="simple" />
            <root url="file://$USER_HOME$/Anaconda3/envs/scrapy/Lib/site-packages" type="simple" />
            <root url="file://$USER_HOME$/Anaconda3/envs/scrapy/Lib/site-packages/win32" type="simple" />
            <root url="file://$USER_HOME$/Anaconda3/envs/scrapy/Lib/site-packages/win32/lib" type="simple" />
            <root url="file://$USER_HOME$/Anaconda3/envs/scrapy/Lib/site-packages/pythonwin" type="simple" />
            <root url="file://$USER_HOME$/AppData/Local/JetBrains/PyCharm2020.3/python_stubs/-1775051893" type="simple" />
            <root url="file://$APPLICATION_HOME_DIR$/plugins/python/helpers/python-skeletons" type="simple" />
            <root url="file://$APPLICATION_HOME_DIR$/plugins/python/helpers/typeshed/stdlib/3" type="simple" />
            <root url="file://$APPLICATION_HOME_DIR$/plugins/python/helpers/typeshed/stdlib/2and3" type="simple" />
            <root url="file://$APPLICATION_HOME_DIR$/plugins/python/helpers/typeshed/third_party/3" type="simple" />
            <root url="file://$APPLICATION_HOME_DIR$/plugins/python/helpers/typeshed/third_party/2and3" type="simple" />
          </root>
        </classPath>
        <sourcePath>
          <root type="composite" />
        </sourcePath>
      </roots>
      <additional ASSOCIATED_PROJECT_PATH="$USER_HOME$/PycharmProjects/pythonProject1" />
    </jdk>
    <jdk version="2">
      <name value="Python 3.6 (base)" />
      <type value="Python SDK" />
      <version value="Python 3.6.5" />
      <homePath value="C:\Users\lijiao\Anaconda3\python.exe" />
      <roots>
        <classPath>
          <root type="composite">
            <root url="file://$USER_HOME$/Anaconda3/DLLs" type="simple" />
            <root url="file://$USER_HOME$/Anaconda3/Lib" type="simple" />
            <root url="file://$USER_HOME$/Anaconda3/Lib/site-packages" type="simple" />
            <root url="file://$USER_HOME$/Anaconda3/Lib/site-packages/win32" type="simple" />
            <root url="file://$USER_HOME$/Anaconda3/Lib/site-packages/win32/lib" type="simple" />
            <root url="file://$USER_HOME$/Anaconda3/Lib/site-packages/pythonwin" type="simple" />
            <root url="file://$USER_HOME$/AppData/Local/JetBrains/PyCharm2020.3/python_stubs/195893773" type="simple" />
            <root url="file://$APPLICATION_HOME_DIR$/plugins/python/helpers/python-skeletons" type="simple" />
            <root url="file://$APPLICATION_HOME_DIR$/plugins/python/helpers/typeshed/stdlib/3" type="simple" />
            <root url="file://$APPLICATION_HOME_DIR$/plugins/python/helpers/typeshed/stdlib/2and3" type="simple" />
            <root url="file://$APPLICATION_HOME_DIR$/plugins/python/helpers/typeshed/third_party/3" type="simple" />
            <root url="file://$APPLICATION_HOME_DIR$/plugins/python/helpers/typeshed/third_party/2and3" type="simple" />
          </root>
        </classPath>
        <sourcePath>
          <root type="composite" />
        </sourcePath>
      </roots>
      <additional ASSOCIATED_PROJECT_PATH="C:/carl/PythonExcel" />
    </jdk>
  </component>
</application>